Specy,Biscoe,Dream,Torgersen,MALE,FEMALE,CulmenLengthMean,CulmenLengthStd,CulmenDepthMean,CulmenDepthStd,FlipperLengthMean,FlipperLengthStd,BodyMassMean,BodyMassStd
Adelie,0.30841121495327106,0.36448598130841126,0.32710280373831774,0.5327102803738317,0.4672897196261682,38.746728971962604,2.775544065550588,18.334579439252337,1.2196583811637904,190.74766355140187,6.661765670450933,3715.186915887852,478.12720599251594
Chinstrap,0,1,0,0.48888888888888893,0.5111111111111111,49.11555555555555,3.5328944838960923,18.44222222222222,1.2070792865592568,195.62222222222223,7.499360242074257,3716.666666666666,392.61651426389
Gentoo,1,0,0,0.5061728395061729,0.4938271604938272,47.42962962962962,3.2490938907811073,14.937037037037037,0.95071610437139,217.037037037037,6.413743923100695,5055.555555555554,506.33486942931347
