Specy,Biscoe,Dream,Torgersen,MALE,FEMALE,CulmenLengthMean,CulmenLengthStd,CulmenDepthMean,CulmenDepthStd,FlipperLengthMean,FlipperLengthStd,BodyMassMean,BodyMassStd
Adelie,0.33000000000000007,0.38000000000000006,0.29000000000000004,0.5100000000000001,0.49000000000000005,38.843999999999994,2.7368167013093245,18.39299999999999,1.094176965725029,189.79000000000005,6.097349979103773,3725.5,462.9584814597909
Chinstrap,0,1,0,0.5576923076923077,0.4423076923076923,48.98653846153846,3.2809628456552407,18.578846153846158,1.1077864412406757,196.13461538461536,7.026640750837296,3742.7884615384605,371.5803735154758
Gentoo,1,0,0,0.43209876543209874,0.5679012345679012,47.27654320987653,2.950774118978708,14.84938271604938,0.9496214320441233,216.45679012345673,6.334527177927428,5013.888888888889,471.54997084084323
