Specy,Biscoe,Dream,Torgersen,MALE,Female,CulmenLengthMean,CulmenLengthStd,CulmenDepthMean,CulmenDepthStd,FlipperLengthMean,FlipperLengthStd,BodyMassMean,BodyMassStd
Adelie,0.29702970297029707,0.38613861386138615,0.31683168316831684,0.495049504950495,0.5049504950495048,38.63762376237623,2.562375908610933,18.315841584158413,1.2259471989663604,190.40594059405944,5.8037543328810575,3723.7623762376234,434.73233485709005
Chinstrap,0,1,0,0.5744680851063829,0.425531914893617,49.29361702127661,3.4504192722749774,18.61702127659574,1.0770973774023545,196.78723404255325,7.4685897924247735,3782.446808510637,416.9934734402528
Gentoo,1,0,0,0.5294117647058824,0.47058823529411764,47.68470588235292,2.911737571669966,15.018823529411764,1.009655070479289,217.6941176470589,6.708245689007644,5090.588235294117,451.97938464675383
