Specy,Biscoe,Dream,Torgersen,MALE,FEMALE,CulmenLengthMean,CulmenLengthStd,CulmenDepthMean,CulmenDepthStd,FlipperLengthMean,FlipperLengthStd,BodyMassMean,BodyMassStd
Adelie,0.3055555555555556,0.3703703703703704,0.32407407407407407,0.49074074074074076,0.5092592592592592,38.83611111111111,2.6829143845854606,18.278703703703705,1.1809271603773852,189.6666666666666,6.856336178630139,3685.1851851851848,450.2081169453933
Chinstrap,0,1,0,0.5,0.5,49.1340909090909,3.399790908879762,18.459090909090907,1.1600557688715563,195.6818181818182,7.203916012812873,3749.4318181818176,328.6905236836134
Gentoo,1,0,0,0.5432098765432098,0.45679012345679015,47.846913580246905,3.1473038628226337,14.972839506172836,0.9829817324954485,217.4320987654321,6.96228818637403,5125.308641975311,513.9688376247948
