Specy,Biscoe,Dream,Torgersen,MALE,FEMALE,CulmenLengthMean,CulmenLengthStd,CulmenDepthMean,CulmenDepthStd,FlipperLengthMean,FlipperLengthStd,BodyMassMean,BodyMassStd
Adelie,0.3211009174311927,0.3486238532110092,0.3302752293577982,0.48623853211009177,0.5137614678899083,38.699999999999996,2.7304863221696527,18.39724770642202,1.2602512033244806,189.99999999999994,6.23906450727398,3682.5688073394504,454.30686657589587
Chinstrap,0,1,0,0.5777777777777777,0.4222222222222222,49.091111111111104,2.814638861238137,18.595555555555553,1.0941903514711346,196.80000000000004,6.801069434621694,3795.5555555555566,388.88275608439875
Gentoo,1,0,0,0.5189873417721519,0.4810126582278481,47.464556962025306,2.8996479881266737,15.048101265822782,1.024302233980205,217.07594936708853,6.759176387201394,5102.215189873416,498.73541803466014
